Prio;Firma;Gewerk;Ort;Adresse;Telefon (lt. Verzeichnis);Quelle;Status;Kontakt am;Ergebnis / Notizen;Nächster Schritt
A;Gleisberg;Heizung, Sanitär, Badsanierung;Ergolding (bei Landshut);Mendelstr. 3, 84030 Ergolding;0871 97257-0;dasoertliche.de;offen;;;anrufen
A;Schwemmhuber Johann;Heizung, Sanitär;Landshut;Erlenstr. 35, 84032 Landshut;0871 33649;dasoertliche.de;offen;;;anrufen
A;Meyer Haustechnik GmbH;Heizung, Sanitär, Solar, Bäder;Geisenhausen;Daimlerstr. 12, 84144 Geisenhausen;08743 91340;dasoertliche.de;offen;;;anrufen
A;Strasser Gebäude- & Energietechnik GmbH;Sanitär, Energieberatung;Geisenhausen;Rebensdorf 12 1/3, 84144 Geisenhausen;08743 830;dasoertliche.de;offen;;;anrufen
A;Eichenlaub Matthias;Heizung, Sanitär, Badsanierung;Ergoldsbach;Hauptstr. 56, 84061 Ergoldsbach;08771 4096608;dasoertliche.de;offen;;;anrufen
A;Der Bäderbauer GmbH;Badsanierung;Region Landshut;siehe Firmenprofil;bitte recherchieren;sellwerk.de;offen;;;Nummer suchen
A;Smetanik Heizung - Sanitär - Klima GmbH;Heizung, Sanitär, Klima;Straubing;Meißener Str. 8, 94315 Straubing;09421 78030;dasoertliche.de;offen;;;anrufen
A;Engelke Peter Heizungstechnik;Heizung, Sanitär, Klima, Solar;Straubing;Asamstr. 38, 94315 Straubing;09421 3890;dasoertliche.de;offen;;;anrufen
A;Bäder Fruhstorfer H.;Sanitär, Heizung, Bäder;Straubing;Heerstr. 6, 94315 Straubing;09421 80524;dasoertliche.de;offen;;;anrufen
A;Geiger + Cizek GbR;Heizung, Sanitär, Bäder, Solar;Straubing-Alburg;Arndt-Sallinger-Str. 5, 94315 Straubing;0160 94877067;dasoertliche.de (bezahlter Eintrag = wirbt aktiv um Kunden);offen;;;anrufen
A;Hanner + Drotleff GmbH Bad & Heizung;Bad, Heizung;Bogen;Further Str. 62, Bogen;09422 85130;dasoertliche.de;offen;;;anrufen
A;Hoffmann Wasser - Wärme;Sanitär, Heizung;Bogen;Siemensstr. 2, Bogen;09422 1046;dasoertliche.de;offen;;;anrufen
A;Antoni Haustechnik;Haustechnik;Feldkirchen (Lkr. Straubing-Bogen);Keltenstr. 18, Feldkirchen;01520 3757486;dasoertliche.de;offen;;Handynummer = kleiner Betrieb, Chef selbst dran;anrufen
A;Malek Bernhard e.K.;Sanitär, Heizung;Straßkirchen;Paitzkofener Str. 9, Straßkirchen;09424 503;dasoertliche.de;offen;;;anrufen
B;Malerbetrieb Weißmann GmbH;Maler, Altbausanierung, Fassade;Deggendorf-Fischerdorf;Unterer Sommerfeldweg 1 C, Deggendorf;0991 2503948;sellwerk.de;offen;;;anrufen
B;Franz Xaver Bügler Malermeister;Maler;Deggendorf;Nördlicher Stadtgraben 13, Deggendorf;0991 5861;Verzeichnis;offen;;;anrufen
B;Nicole Miedl Malermeisterin;Maler;Deggendorf;Bahnhofstr. 7 A, Deggendorf;0160 1505554;Verzeichnis;offen;;Handynummer = Chefin selbst dran;anrufen
B;Malerbetrieb Greil;Maler, Lackierer;Deggendorf;Haslacher Str. 34, Deggendorf;bitte recherchieren;Verzeichnis;offen;;;Nummer suchen
B;A&S-Mehmedov Malerbetrieb;Maler, Fassade;Region Deggendorf;siehe Trustlocal;bitte recherchieren;trustlocal.de;offen;;;Nummer suchen
B;Malerbetrieb Freund;Maler innen/außen;Landkreis Deggendorf;siehe My-Hammer-Profil;bitte recherchieren;my-hammer.de;offen;;Nutzt My-Hammer = sucht aktiv Aufträge;Nummer suchen
B;Wilhelm Weiss Maler- und Stuckateurmeisterbetrieb;Maler, Stuck;Hengersberg;Keltereistr. 4, Hengersberg;09901 9322-0;11880.com;offen;;;anrufen
B;Elektro Kaib GmbH;Elektro, PV;Passau-Heining;Gutenbergstr. 12, Passau;bitte recherchieren (Verzeichnisse widersprüchlich);trustlocal.de;offen;;;Nummer suchen
B;Elektro Hämmel GmbH & Co. KG;Elektroinstallation;Passau-Heining;Max-Matheis-Str. 60, Passau;bitte recherchieren;dasoertliche.de;offen;;;Nummer suchen
B;Kapfer Elektrotechnik;Elektroinstallation;Passau-Heining;Thann 11, Passau;bitte recherchieren;dasoertliche.de;offen;;;Nummer suchen
B;Wagner Elektro;Elektroinstallation;Passau-Altstadt;Roßtränke 12, Passau;bitte recherchieren;dasoertliche.de;offen;;;Nummer suchen
B;Elektro Huppenberger;Elektro (Innungsbetrieb);Fürstenstein;siehe Firmenprofil;bitte recherchieren;sellwerk.de;offen;;;Nummer suchen
B;Elektrotechnik Meisterbetrieb Kohlbacher;Elektro;Fürstenzell;Ludwig-Thoma-Str. 15, Fürstenzell;bitte recherchieren;dasoertliche.de;offen;;;Nummer suchen
B;Elektro Winzinger GmbH & Co. KG;Elektrotechnik;Gottfrieding (bei Dingolfing);Hauptstr. 14, Gottfrieding;08731 720760;dasoertliche.de;offen;;;anrufen
B;Strebl Matthäus Elektroinstallation;Elektroinstallation;Dingolfing;bitte recherchieren;bitte recherchieren;dasoertliche.de;offen;;;Nummer suchen
